entity_name,entity_id,pitch_hand,eta_FF,eta_SI,eta_FC,eta_CH,eta_FS,eta_CU,eta_SL,eta_ST,eta_SV,eta_KC,IP
"Webb, Logan",657277,R,0.758,0.78,0.48200000000000004,0.767,,,,0.48200000000000004,,,207.0
"Crochet, Garrett",676979,L,0.8620000000000001,0.861,0.391,0.81,,,,0.557,,,205.1
"Sánchez, Cristopher",650911,L,,0.927,,0.846,,,0.21600000000000003,,,,202.0
"Fried, Max",608331,L,0.8059999999999999,0.6509999999999999,0.542,0.784,,0.872,0.34,0.619,,0.872,195.1
"Skubal, Tarik",669373,L,0.9009999999999999,0.868,,0.793,,0.538,0.326,,,0.538,195.1
"Rodón, Carlos",607074,L,0.978,0.807,,0.793,,0.721,0.201,,,0.721,195.1
"Gausman, Kevin",592332,R,0.9820000000000001,,,,0.85,,0.189,,,,193.0
"Gallen, Zac",668678,R,0.86,0.856,0.494,0.868,,0.6809999999999999,0.36,,,0.6809999999999999,192.0
"Valdez, Framber",664285,L,0.573,0.76,,0.775,,0.823,0.29300000000000004,,,0.823,192.0
"Skenes, Paul",694973,R,0.971,0.9620000000000001,,0.9790000000000001,0.9,0.43200000000000005,0.289,0.368,,0.43200000000000005,187.2
"Littell, Zack",641793,R,0.958,0.9450000000000001,,,0.773,,0.503,0.505,,,186.2
"Woo, Bryan",693433,R,0.9059999999999999,0.8490000000000001,,0.877,,,0.275,0.35600000000000004,,,186.2
"Brown, Hunter",686613,R,0.948,0.881,0.522,0.965,,0.8109999999999999,0.41100000000000003,,,0.8109999999999999,185.1
"Kelly, Merrill",518876,R,0.8440000000000001,0.8250000000000001,0.67,0.799,,0.62,0.212,,,0.62,184.0
"Luzardo, Jesús",666200,L,0.951,0.9490000000000001,,0.995,,,0.195,0.375,,,183.2
"Bibee, Tanner",676440,R,0.8620000000000001,0.867,0.318,0.823,,0.731,,0.554,,0.731,182.1
"Ray, Robbie",592662,L,0.958,,,0.943,,0.42600000000000005,0.503,0.6070000000000001,,0.42600000000000005,182.1
"Pivetta, Nick",601713,R,0.951,0.96,0.669,,,0.823,0.365,0.428,,0.823,181.2
"Castillo, Luis",622491,R,0.912,0.9259999999999999,,0.919,,,0.131,,,,180.2
"Gray, Sonny",543243,R,0.58,0.573,0.317,0.751,,0.897,0.344,0.5660000000000001,,0.897,180.2
"Irvin, Jake",663623,R,0.858,0.807,0.44700000000000006,0.792,,0.753,0.41200000000000003,,,0.753,180.0
"Boyd, Matthew",571510,L,0.946,0.9500000000000001,,0.904,,0.747,0.23399999999999999,,,0.747,179.2
"Kikuchi, Yusei",579328,L,0.912,0.891,,0.915,,0.493,0.287,,,0.493,178.1
"Peralta, Freddy",642547,R,0.8570000000000001,,,0.8790000000000001,,0.542,0.303,,,0.542,176.2
"Pfaadt, Brandon",694297,R,0.757,0.7909999999999999,0.341,0.865,,0.691,,0.36600000000000005,,0.691,176.2
"Keller, Mitch",656605,R,0.85,0.735,,0.716,,0.937,0.278,0.616,,0.937,176.1
"Alcantara, Sandy",645261,R,0.971,0.961,,0.9400000000000001,,0.23,0.245,,,0.23,174.2
"Yamamoto, Yoshinobu",808967,R,0.909,0.8740000000000001,0.45799999999999996,,0.784,0.9490000000000001,0.38,,,0.9490000000000001,173.2
"deGrom, Jacob",594798,R,0.9059999999999999,,,0.8790000000000001,,0.601,0.325,,,0.601,172.2
"Wacha, Michael",608379,R,0.9840000000000001,0.965,0.616,0.782,,0.868,0.299,,,0.868,172.2
"Kremer, Dean",665152,R,0.9770000000000001,0.923,0.455,,0.963,0.635,,,,0.635,171.2
"Ryan, Joe",657746,R,0.9690000000000001,0.9540000000000001,,,0.804,0.728,0.334,0.632,,0.728,171.0
"Springs, Jeffrey",605488,L,0.991,,0.5710000000000001,0.958,,,0.304,0.563,,,171.0
"Bassitt, Chris",605135,R,0.742,0.762,0.462,0.9490000000000001,0.9500000000000001,0.96,0.376,0.871,,0.96,170.1
"Singer, Brady",663903,R,0.7320000000000001,0.831,0.44,,,,0.359,0.39799999999999996,,,169.2
"Soriano, José",667755,R,0.8220000000000001,0.8200000000000001,,,0.765,0.708,0.17800000000000002,,,0.708,169.0
"Peterson, David",656849,L,0.7170000000000001,0.753,,0.915,,0.693,0.17600000000000002,,,0.693,168.2
"Cease, Dylan",656302,R,0.8890000000000001,0.846,,0.9259999999999999,,0.757,0.24800000000000003,0.6,,0.757,168.0
"Williams, Gavin",668909,R,0.9590000000000001,0.983,0.589,,,0.871,,0.519,,0.871,167.2
"Pepiot, Ryan",686752,R,0.988,0.9570000000000001,0.645,0.805,,0.826,0.506,,,0.826,167.2
"Bello, Brayan",678394,R,0.8079999999999999,0.875,0.132,0.958,,,,0.502,,,166.2
"Abbott, Andrew",671096,L,0.9500000000000001,,0.41000000000000003,0.9500000000000001,,0.462,,0.33799999999999997,,0.462,166.1
"Baz, Shane",669358,R,0.9440000000000001,,0.49,0.9570000000000001,,0.715,0.23500000000000001,,,0.715,166.1
"Berríos, José",621244,R,0.938,0.986,0.5529999999999999,0.9840000000000001,,,,,0.557,,166.0
"Martinez, Nick",607259,R,0.914,0.902,0.589,0.7709999999999999,,0.821,0.122,,,0.821,165.2
"Holmes, Clay",605280,R,0.773,0.684,0.277,0.865,,,0.325,0.599,,,165.2
"Parker, Mitchell",680730,L,0.9940000000000001,,,,0.91,0.517,0.20500000000000002,,,0.517,164.2
"Hendricks, Kyle",543294,R,0.875,0.798,,0.768,,0.782,,,,0.782,164.2
"Freeland, Kyle",607536,L,0.89,0.831,0.33,0.9690000000000001,,0.526,,0.43700000000000006,,0.526,162.2
"Severino, Luis",622663,R,0.925,0.913,0.627,0.981,,,0.42600000000000005,0.61,,,162.2
"Pallante, Andre",669467,R,0.687,0.7859999999999999,,,,0.79,0.32299999999999995,,,0.79,162.2
"Warren, Will",701542,R,0.762,0.726,,0.8620000000000001,,0.7040000000000001,,0.619,,0.7040000000000001,162.1
"Flaherty, Jack",656427,R,0.868,0.8170000000000001,,0.84,,0.777,0.418,,,0.777,161.0
"Gore, MacKenzie",669022,L,0.919,,0.511,0.9209999999999999,,0.748,0.11900000000000001,,,0.748,159.2
"Rea, Colin",607067,R,0.871,0.7959999999999999,0.509,,0.9059999999999999,0.73,0.315,0.54,,0.73,159.1
"Paddack, Chris",663978,R,0.995,0.9890000000000001,0.701,0.973,,0.891,0.40299999999999997,,,0.891,158.0
"Suárez, Ranger",624133,L,0.799,0.726,0.379,0.705,,0.871,0.37,,,0.871,157.1
"Priester, Quinn",682990,R,,0.813,0.624,0.9640000000000001,,0.56,0.28600000000000003,,,0.56,157.1
"Sugano, Tomoyuki",608372,R,0.865,0.8320000000000001,0.397,,0.783,0.687,,0.379,,0.687,157.0
"Allen, Logan",671106,L,0.9009999999999999,0.904,0.436,0.877,,,,0.5479999999999999,,,156.2
"Lodolo, Nick",666157,L,0.9820000000000001,0.988,,0.96,,0.41200000000000003,,,,0.41200000000000003,156.2
"Mikolas, Miles",571945,R,0.907,0.853,,0.9259999999999999,,0.813,0.38,0.454,,0.813,156.1
"Elder, Bryce",693821,R,0.816,0.762,,0.639,,,0.23,,,,156.1
"Corbin, Patrick",571578,L,0.865,0.8440000000000001,0.40299999999999997,0.971,,0.31,0.193,,,0.31,155.1
"Rodriguez, Eduardo",593958,L,0.8009999999999999,0.784,0.605,0.8690000000000001,,0.564,0.329,,,0.564,154.1
"Nelson, Ryne",669194,R,0.9890000000000001,,0.578,0.99,,0.635,0.33799999999999997,,,0.635,154.0
"Verlander, Justin",434378,R,0.965,,,0.941,,0.672,0.34,0.485,,0.672,152.0
"Leiter, Jack",683004,R,0.9500000000000001,0.951,,0.7959999999999999,,0.625,0.27399999999999997,,,0.625,151.2
"Liberatore, Matthew",669461,L,0.966,0.932,0.511,0.961,,0.9440000000000001,0.226,,,0.9440000000000001,151.2
"Rasmussen, Drew",656876,R,0.9109999999999999,0.892,0.3,0.8740000000000001,,0.6859999999999999,,0.473,,0.6859999999999999,150.0
"Wheeler, Zack",554430,R,0.8620000000000001,0.8640000000000001,0.467,,0.853,0.684,,0.459,,0.684,149.2
"Mize, Casey",663554,R,0.981,0.968,,,0.9470000000000001,,0.423,,0.326,,149.0
"Ober, Bailey",641927,R,0.904,0.948,,0.9940000000000001,,0.726,0.46399999999999997,0.459,,0.726,146.1
"Smith, Shane",681343,R,0.8009999999999999,0.865,,0.851,,0.8059999999999999,0.308,,,0.8059999999999999,146.1
"Lugo, Seth",607625,R,0.848,0.831,0.6020000000000001,0.87,0.8220000000000001,0.8059999999999999,0.309,0.451,0.662,0.8059999999999999,145.1
"Giolito, Lucas",608337,R,0.995,,,0.99,,0.902,0.297,,,0.902,145.0
"Imanaga, Shota",684007,L,0.993,0.915,,,0.951,0.802,,0.35000000000000003,,0.802,144.2
"Martin, Davis",663436,R,0.841,0.835,0.281,0.7040000000000001,,0.757,0.373,,,0.757,142.2
"Bradley, Taj",671737,R,0.9690000000000001,0.973,0.46299999999999997,,0.93,0.789,,,,0.789,142.2
"Morton, Charlie",450203,R,0.872,0.8840000000000001,0.265,0.765,,0.741,,,,0.741,142.0
"Lorenzen, Michael",547179,R,0.953,0.91,0.498,0.973,,0.65,0.20600000000000002,0.354,,0.65,141.2
"Fedde, Erick",607200,R,,0.7709999999999999,0.58,0.718,,,,0.47200000000000003,,,141.0
"Cameron, Noah",702070,L,0.887,,0.434,0.983,,0.696,0.24800000000000003,,,0.696,138.1
"Cabrera, Edward",665795,R,0.918,0.8790000000000001,,0.929,,0.766,0.22,,,0.766,137.2
"Anderson, Tyler",542881,L,0.9920000000000001,0.9570000000000001,0.628,0.9450000000000001,,,0.337,,,,136.1
"Sears, JP",676664,L,0.9770000000000001,0.971,,0.956,,0.40399999999999997,0.318,0.389,,0.40399999999999997,135.2
"Burke, Sean",680732,R,0.88,0.9420000000000001,,0.99,,0.8270000000000001,0.33,,,0.8270000000000001,134.1
"Vásquez, Randy",681190,R,0.876,0.8640000000000001,0.561,0.93,,0.5810000000000001,0.375,0.48700000000000004,,0.5810000000000001,133.2
"May, Dustin",669160,R,0.892,0.8470000000000001,0.373,0.988,,,,0.64,,,132.1
"Cecconi, Slade",677944,R,0.953,0.9640000000000001,0.4,0.897,,0.8200000000000001,0.305,,,0.8200000000000001,132.0
"Quintana, Jose",500779,L,0.873,0.855,,0.891,,0.5529999999999999,,,0.534,0.5529999999999999,131.2
"Gilbert, Logan",669302,R,0.968,0.986,,,0.5720000000000001,0.66,0.16899999999999998,,,0.66,131.0
"Lord, Brad",695418,R,0.9820000000000001,0.9840000000000001,,0.9870000000000001,,,0.139,,,,130.2
"Senzatela, Antonio",622608,R,0.838,0.8540000000000001,,0.6759999999999999,,0.514,0.368,,,0.514,130.0
"Eovaldi, Nathan",543135,R,0.943,0.938,0.6459999999999999,,0.831,0.7959999999999999,0.4,,,0.7959999999999999,130.0
"Taillon, Jameson",592791,R,0.9390000000000001,0.9259999999999999,0.493,0.868,,0.715,,0.534,,0.715,129.2
"Márquez, Germán",608566,R,0.9620000000000001,0.9440000000000001,,0.97,,0.193,0.341,,,0.193,126.1
"Buehler, Walker",621111,R,0.915,0.893,0.583,0.948,,0.938,0.451,0.628,,0.938,126.0
"Kirby, George",669923,R,0.895,0.872,,0.96,0.903,0.809,0.522,,,0.809,126.0
"Sale, Chris",519242,L,0.9440000000000001,0.929,,0.99,,,0.5529999999999999,,,,125.2
"Strider, Spencer",675911,R,0.9670000000000001,,,0.783,,0.5870000000000001,0.322,,,0.5870000000000001,125.1
"Falter, Bailey",663559,L,0.9890000000000001,0.9840000000000001,,,0.9520000000000001,0.38,0.614,,,0.38,125.1
"Houser, Adrian",605288,R,0.917,0.8890000000000001,,0.887,,0.9640000000000001,0.327,,,0.9640000000000001,125.0
"Walker, Taijuan",592836,R,0.975,0.9620000000000001,0.573,,0.799,0.6809999999999999,0.31,,,0.6809999999999999,123.2
"Heaney, Andrew",571760,L,0.9940000000000001,0.965,,0.996,,0.615,0.19100000000000003,,,0.615,122.1
"Patrick, Chad",694477,R,0.915,0.8570000000000001,0.375,0.731,,,0.39799999999999996,,0.452,,119.2
"Horton, Cade",690990,R,0.743,0.713,,0.775,,0.515,,0.48100000000000004,,0.515,118.0
"Quantrill, Cal",615698,R,0.99,0.98,0.42100000000000004,,0.9470000000000001,0.47000000000000003,0.215,,,0.47000000000000003,117.2
"Bubic, Kris",663460,L,0.846,0.831,,0.742,,,0.185,0.488,,,116.1
"Holmes, Grant",656550,R,0.8140000000000001,,0.5479999999999999,0.753,,0.522,0.29600000000000004,,,0.522,115.0
"Senga, Kodai",673540,R,0.8790000000000001,0.863,0.525,,0.733,0.649,0.18100000000000002,0.297,,0.649,113.1
"Kershaw, Clayton",477132,L,0.84,0.725,,,0.895,0.8250000000000001,0.483,,,0.8250000000000001,112.2
"Kolek, Stephen",663568,R,0.881,0.757,0.4,0.721,,,0.24800000000000003,0.45,,,112.2
"Povich, Cade",700249,L,0.9500000000000001,0.9390000000000001,0.772,0.7490000000000001,,0.8300000000000001,,0.433,,0.8300000000000001,112.1
"Woods Richardson, Simeon",680573,R,0.963,,,0.8620000000000001,0.9209999999999999,0.8270000000000001,0.46,,,0.8270000000000001,111.1
"Kochanowicz, Jack",686799,R,0.8140000000000001,0.77,,0.628,,,0.18300000000000002,0.49,,,111.0
"Schwellenbach, Spencer",680885,R,0.8200000000000001,0.768,0.601,,0.74,0.693,0.26,,,0.693,110.2
"Junk, Janson",676083,R,0.881,,,0.888,,0.643,0.425,0.451,,0.643,110.0
"Rogers, Trevor",669432,L,0.8790000000000001,0.891,,0.8740000000000001,,,0.27399999999999997,0.32799999999999996,,,109.2
"Greene, Hunter",668881,R,0.9690000000000001,,,,0.875,,0.42,,,,107.2
"Roupp, Landen",694738,R,0.895,0.872,0.49100000000000005,0.8840000000000001,,0.797,,,,0.797,106.2
"Brown, Ben",676962,R,0.9550000000000001,,,0.92,,0.263,,,,0.263,106.1
"Lauer, Eric",641778,L,0.9359999999999999,,0.386,0.9690000000000001,,0.6970000000000001,0.273,,,0.6970000000000001,104.2
"Cannon, Jonathan",686563,R,0.863,0.8390000000000001,0.56,0.751,,,,0.43100000000000005,,,103.2
"Civale, Aaron",650644,R,0.9440000000000001,0.9159999999999999,0.559,,0.9159999999999999,0.793,0.451,,,0.793,102.0
"Gusto, Ryan",687473,R,0.904,0.835,0.47100000000000003,0.9820000000000001,,0.872,0.34700000000000003,0.443,,0.872,101.2
"Vasil, Mike",678024,R,0.783,0.6859999999999999,0.19899999999999998,0.891,,0.898,,0.64,,0.898,101.0
"Mlodzinski, Carmen",669387,R,0.914,0.9059999999999999,,,0.655,0.751,0.185,0.298,,0.751,99.0
"Dollander, Chase",801403,R,0.943,0.86,0.368,0.973,,0.774,,,,0.774,98.0
"Wentz, Joey",666214,L,0.917,,0.331,0.946,,0.5920000000000001,0.24600000000000002,,,0.5920000000000001,98.0
"Alexander, Tyler",641302,L,0.904,0.905,0.49100000000000005,0.8740000000000001,,,,0.452,,,97.2
"Burrows, Mike",681347,R,0.924,0.937,,0.9740000000000001,,0.8570000000000001,0.304,,,0.8570000000000001,96.0
"McGreevy, Michael",700241,R,0.8590000000000001,0.768,0.405,0.752,,0.7859999999999999,0.396,0.49200000000000005,,0.7859999999999999,95.2
"Pérez, Eury",691587,R,0.9620000000000001,0.9500000000000001,,0.991,,0.593,0.252,0.373,,0.593,95.1
"Cantillo, Joey",676282,L,0.993,,,0.981,,0.9550000000000001,0.392,,,0.9550000000000001,95.1
"Nola, Aaron",605400,R,0.951,0.929,0.473,0.995,,0.8200000000000001,,,,0.8200000000000001,94.1
"Lopez, Jacob",682052,L,0.941,0.9359999999999999,0.59,0.9720000000000001,,,0.502,,,,92.2
"Newcomb, Sean",656794,L,0.904,0.8250000000000001,0.405,0.8420000000000001,,0.885,,,0.68,0.885,92.1
"Montero, Keider",672456,R,0.858,0.8290000000000001,,0.8740000000000001,,0.731,0.378,,,0.731,90.2
"Miller, Bryce",682243,R,0.934,0.902,0.645,,0.68,0.691,0.26,0.624,,0.691,90.1
"Glasnow, Tyler",607192,R,0.7540000000000001,0.736,,,,0.816,0.22899999999999998,,,0.816,90.1
"Hancock, Emerson",676106,R,0.905,0.9159999999999999,,0.983,,,0.36,0.617,,,90.0
"Soroka, Michael",647336,R,0.8570000000000001,0.858,,0.9400000000000001,,,,,0.672,,89.2
"Ortiz, Luis L.",682847,R,0.8959999999999999,0.8140000000000001,0.478,0.9620000000000001,,,0.23500000000000001,,,,88.2
"Leahy, Kyle",681517,R,0.8590000000000001,0.841,,0.799,,0.8420000000000001,0.435,0.47600000000000003,,0.8420000000000001,88.0
"Mahle, Tyler",641816,R,0.997,,0.469,,0.9109999999999999,,0.281,,,,86.2
"Gordon, Colton",676467,L,0.986,0.9790000000000001,,0.913,,0.596,,0.40399999999999997,,0.596,86.0
"Latz, Jacob",656641,L,0.98,,,0.97,,0.767,0.313,,,0.767,85.2
"Scherzer, Max",453286,R,0.93,,0.43200000000000005,0.991,,0.664,0.28500000000000003,,,0.664,85.0
"Spence, Mitch",687765,R,,0.523,0.271,0.6940000000000001,,0.687,0.502,,,0.687,84.2
"Herget, Jimmy",623474,R,0.871,0.876,,0.836,,0.568,0.223,,,0.568,83.1
"Williams, Trevor",592866,R,0.618,0.684,,0.9009999999999999,,,0.371,0.5,,,82.2
"Evans, Logan",688138,R,0.9440000000000001,0.9420000000000001,0.161,0.9159999999999999,,0.688,,0.43,,0.688,81.1
"Bellozo, Valente",678368,R,0.867,,0.449,0.861,0.41600000000000004,0.668,,0.5579999999999999,,0.668,81.1
"Bivens, Spencer",702352,R,0.875,0.848,0.583,0.663,,,,0.39799999999999996,0.55,,81.0
"Bido, Osvaldo",674370,R,0.922,0.899,0.161,0.951,,,0.263,,,,79.2
"Matthews, Zebby",805673,R,0.958,0.9540000000000001,0.527,0.9890000000000001,,0.493,0.17800000000000002,,,0.493,79.1
"Holton, Tyler",663947,L,0.858,0.875,0.493,0.965,,0.8290000000000001,,0.48200000000000004,,0.8290000000000001,78.2
"Schmidt, Clarke",657376,R,0.713,0.632,0.48,,,0.6779999999999999,0.418,0.5870000000000001,,0.6779999999999999,78.2
"Bazardo, Eduard",660825,R,0.919,0.9209999999999999,,,0.882,,0.59,,,,78.2
"Casparius, Ben",676508,R,0.8490000000000001,0.777,0.43,,,0.777,,0.53,,0.777,77.2
"Phillips, Tyler",663969,R,0.7290000000000001,0.909,,,0.912,0.5870000000000001,,0.313,,0.5870000000000001,77.2
"Rogers, Tyler",643511,R,,0.736,,,,,0.593,,,,77.1
"Alexander, Jason",669920,R,0.922,0.922,0.37700000000000006,0.981,,,,0.667,,,77.1
"Vargas, Carlos",672841,R,0.782,0.747,0.517,0.787,,,0.265,,,,77.0
"Matz, Steven",571927,L,,0.995,,0.818,,0.8109999999999999,0.371,,,0.8109999999999999,76.2
"Dreyer, Jack",676263,L,0.996,,,,,0.908,0.23600000000000002,,,0.908,76.1
"Ferrer, Jose A.",678606,L,,0.993,,0.935,,,0.163,,,,76.1
"Canning, Griffin",656288,R,0.935,,0.392,0.8590000000000001,,0.503,0.28500000000000003,,,0.503,76.1
"Bergert, Ryan",686701,R,0.9490000000000001,0.9690000000000001,,0.9640000000000001,,,0.284,0.446,,,76.1
"Uceta, Edwin",670955,R,0.8690000000000001,0.8640000000000001,0.5,0.7590000000000001,,,,0.46799999999999997,,,76.0
"López, Pablo",641154,R,0.777,0.788,,0.7909999999999999,,0.718,,0.444,,0.718,75.2
"Gordon, Tanner",685299,R,0.993,,,0.943,,0.219,0.198,,,0.219,75.1
"Uribe, Abner",682842,R,0.7090000000000001,0.705,,,,,0.365,,,,75.1
"Armstrong, Shawn",542888,R,0.807,0.871,0.541,,,,,0.449,,,74.0
"Santillan, Tony",663574,R,0.932,,,,,,0.30100000000000005,,0.383,,73.2
"Smith, Cade",671922,R,0.965,,,,0.9309999999999999,,,0.389,,,73.2
"Morejon, Adrian",670970,L,0.871,0.8140000000000001,0.5579999999999999,0.9500000000000001,,,0.413,,,,73.2
"Rutledge, Jackson",671131,R,0.9059999999999999,0.9550000000000001,0.37700000000000006,,0.851,,0.14800000000000002,,,,73.1
"Sheehan, Emmet",686218,R,0.9870000000000001,,,0.985,,0.85,0.264,,,0.85,73.1
"King, Michael",650633,R,0.848,0.773,,0.9670000000000001,,,0.318,0.526,,,73.1
"Henriquez, Ronny",678692,R,0.8840000000000001,0.881,,0.956,,,0.277,0.39799999999999996,,,73.0
"Estrada, Jeremiah",669093,R,0.9870000000000001,,,,0.975,,0.41600000000000004,,,,73.0
"Kinley, Tyler",641755,R,0.79,,,0.986,,0.514,0.22,,,0.514,72.2
"Varland, Louis",686973,R,0.923,0.941,,0.8520000000000001,,0.511,0.4,,,0.511,72.2
"Sands, Cole",663485,R,0.856,0.809,0.37200000000000005,,0.8620000000000001,0.6809999999999999,,,,0.6809999999999999,72.0
"Darvish, Yu",506433,R,0.871,0.88,0.568,,0.524,0.868,0.302,0.433,,0.868,72.0
"Whitlock, Garrett",676477,R,,0.9940000000000001,,0.86,,,0.517,0.6509999999999999,,,72.0
"Okert, Steven",595345,L,0.9279999999999999,,,,,,0.386,,,,71.2
"Peralta, Wandy",593974,L,0.9520000000000001,0.948,,0.841,,,0.27899999999999997,,,,71.2
"Eflin, Zach",621107,R,0.8270000000000001,0.751,0.483,0.9209999999999999,,0.7070000000000001,,0.574,,0.7070000000000001,71.1
"Bachar, Lake",669199,R,0.9009999999999999,,,,0.961,,0.192,0.41700000000000004,,,71.0
"Abreu, Bryan",650556,R,0.8690000000000001,0.8840000000000001,,,,,0.58,,,,71.0
"Milner, Hoby",571948,L,0.9540000000000001,0.922,,0.9500000000000001,,,,0.63,,,70.1
"Santana, Dennis",642701,R,0.922,0.891,0.498,0.871,,,0.214,,,,70.1
"Duran, Jhoan",661395,R,0.99,,,,0.877,0.6020000000000001,,0.554,,0.6020000000000001,70.0
"Ashcraft, Braxton",677952,R,0.873,0.838,,0.831,,0.723,0.387,,,0.723,69.2
"Anderson, Grant",681982,R,0.8190000000000001,0.8150000000000001,,0.902,,,,0.628,,,69.2
"Suarez, Robert",663158,R,0.9440000000000001,0.9490000000000001,,0.934,,,,,,,69.2
"Eisert, Brandon",685126,L,0.956,0.9279999999999999,,0.881,,,0.418,,,,69.2
"Keller, Brad",641745,R,0.747,0.778,,0.845,,,0.47000000000000003,0.46299999999999997,,,69.2
"Baker, Bryan",641329,R,0.9570000000000001,,,0.875,,,0.44799999999999995,,,,68.2
"Pagán, Emilio",641941,R,0.943,,0.34600000000000003,,0.794,,,,,,68.2
"Olson, Reese",681857,R,0.876,0.891,,0.742,,0.8220000000000001,0.322,,,0.8220000000000001,68.2
"Vest, Will",676684,R,0.887,0.867,,0.903,,,0.192,,,,68.2
"Lee, Dylan",669276,L,0.9940000000000001,,,0.986,,,0.435,,,,68.1
"Megill, Tylor",656731,R,0.851,0.804,,0.863,,0.904,0.47200000000000003,,,0.904,68.1
"Barlow, Scott",605130,R,0.66,0.6940000000000001,,,,0.8620000000000001,0.452,0.547,,0.8620000000000001,68.1
"Little, Brendon",663893,L,,0.7070000000000001,0.405,,,0.765,,,,0.765,68.1
"Hoffman, Jeff",656546,R,0.976,0.986,,,0.9500000000000001,,0.196,,,,68.0
"King, Bryan",687911,L,0.753,0.765,,0.8640000000000001,,,,0.6509999999999999,,,68.0
"Suter, Brent",608718,L,0.705,0.883,,0.9420000000000001,,,0.47500000000000003,,,,67.2
"Lynch IV, Daniel",663738,L,0.941,0.904,,0.938,,0.315,0.17,,,0.315,67.2
"Iglesias, Raisel",628452,R,0.863,0.895,,0.8390000000000001,,,0.313,,,,67.1
"Banks, Tanner",621383,L,0.787,0.792,,0.688,,,0.33799999999999997,0.359,,,67.1
"Hicks, Jordan",663855,R,0.9159999999999999,0.868,,,0.943,,0.419,0.495,,,67.1
"Buttó, José",676130,R,0.761,0.8170000000000001,,0.72,,,0.17300000000000001,0.563,,,67.0
"Hill, Tim",657612,L,0.965,0.93,,,,,0.531,,,,67.0
"Weissert, Greg",669711,R,0.746,0.783,,0.937,,0.79,0.386,0.688,,0.79,67.0
"Gaddis, Hunter",683769,R,0.9570000000000001,,,0.965,,,0.5,,,,66.2
"Wrobleski, Justin",680736,L,0.871,0.875,0.514,0.725,,0.669,0.28500000000000003,,,0.669,66.2
"Ashby, Aaron",676879,L,0.77,0.8150000000000001,,0.7759999999999999,,0.88,0.535,,,0.88,66.2
"Junis, Jakob",596001,R,0.7540000000000001,0.711,,0.7000000000000001,,,0.439,,,,66.2
"Díaz, Edwin",621242,R,0.948,,,,,,0.23399999999999999,,,,66.1
"Jax, Griffin",643377,R,0.8190000000000001,0.794,0.40299999999999997,0.762,,,,0.48100000000000004,,,66.0
"Webb, Jacob",657097,R,0.875,,,0.9940000000000001,,,,0.526,,,66.0
"De Los Santos, Enyel",660853,R,0.8840000000000001,,,0.9620000000000001,,,0.335,,,,66.0
"Misiorowski, Jacob",694819,R,0.903,,,0.99,,0.7040000000000001,0.455,,,0.7040000000000001,66.0
"Koenig, Jared",657649,L,0.8170000000000001,0.804,0.48100000000000004,0.927,,0.8079999999999999,,,,0.8079999999999999,66.0
"Estévez, Carlos",608032,R,0.99,,,0.865,,,0.39299999999999996,,,,66.0
"Birdsong, Hayden",806185,R,0.9420000000000001,,,0.888,,0.672,0.34500000000000003,,0.325,0.672,65.2
"Ashcraft, Graham",668933,R,,,0.48100000000000004,,,,0.37700000000000006,,,,65.1
"Ferguson, Caleb",657571,L,0.848,0.8270000000000001,0.273,,,,,,0.649,,65.1
"Doval, Camilo",666808,R,,0.506,0.541,,,,0.4,,,,65.1
"Adam, Jason",592094,R,0.899,,,0.783,,,0.20199999999999999,0.549,,,65.1
"Allard, Kolby",663465,L,0.932,0.9440000000000001,0.495,0.9940000000000001,,0.951,,,,0.951,65.0
"Banda, Anthony",607455,L,0.9590000000000001,0.943,,0.991,,,0.273,,,,65.0
"Sterner, Justin",686993,R,0.9570000000000001,,0.317,,,,,0.49100000000000005,,,65.0
"Zerpa, Angel",672582,L,0.91,0.8470000000000001,,0.9279999999999999,,,0.59,,,,64.2
"Harris, Hogan",663687,L,0.983,,0.5579999999999999,0.9920000000000001,,0.9590000000000001,,0.701,,0.9590000000000001,64.2
"Meyer, Max",676974,R,0.778,0.7709999999999999,,0.8620000000000001,,,0.22,0.41600000000000004,,,64.2
"Woodruff, Brandon",605540,R,0.871,0.8740000000000001,0.648,0.8390000000000001,,0.537,,0.324,,0.537,64.2
"Weaver, Luke",596133,R,0.958,,0.669,0.8840000000000001,,,0.533,,,,64.2
"Rocker, Kumar",677958,R,0.89,0.908,0.312,0.9890000000000001,,0.76,0.19399999999999998,,,0.76,64.1
"Burnes, Corbin",669203,R,,0.74,0.621,0.777,,0.7070000000000001,0.379,,,0.7070000000000001,64.1
"Leasure, Jordan",673929,R,0.956,,,,0.9329999999999999,,0.35700000000000004,,,,64.1
"Garcia, Robert",676395,L,0.871,,,0.895,,,0.259,,,,64.0
"Francis, Bowden",670102,R,0.923,0.941,,,0.93,0.8370000000000001,0.29600000000000004,,,0.8370000000000001,64.0
"Schreiber, John",670167,R,0.798,0.784,0.287,0.8190000000000001,,,,0.652,,,64.0
"Yarbrough, Ryan",642232,L,0.99,0.986,0.46399999999999997,0.9209999999999999,,,,0.62,,,64.0
"Detmers, Reid",672282,L,0.99,0.99,,,,0.908,0.3,,,0.908,63.2
"Matsui, Yuki",673513,L,0.9450000000000001,0.914,,,0.748,,0.364,0.386,,,63.1
"Akin, Keegan",669211,L,0.9570000000000001,,,0.981,,,0.256,,,,63.1
"Kahnle, Tommy",592454,R,0.934,,,0.986,,,,,,,63.0
"Hurter, Brant",676428,L,0.7190000000000001,0.784,,0.8940000000000001,,,,0.504,,,63.0
"Brazobán, Huascar",623211,R,0.9309999999999999,0.913,0.42700000000000005,0.8320000000000001,,,,,,,63.0
"Bednar, David",670280,R,0.98,,,,0.741,0.65,,,,0.65,62.2
"Domínguez, Seranthony",622554,R,0.8320000000000001,0.8220000000000001,,,0.9470000000000001,0.7590000000000001,,0.40399999999999997,,0.7590000000000001,62.2
"Gómez, Yoendrys",672782,R,0.8940000000000001,0.9,0.636,0.9590000000000001,,0.73,0.424,0.533,,0.73,62.2
"Strahm, Matt",621381,L,0.9820000000000001,0.9820000000000001,0.49600000000000005,,,,0.192,,,,62.1
"Muñoz, Andrés",662253,R,0.907,0.883,,0.866,,,0.392,,,,62.1
"Williams, Devin",642207,R,0.971,,,0.871,,,,,,,62.0
"Speier, Gabe",642100,L,0.9359999999999999,0.9279999999999999,,,,,0.33899999999999997,,,,62.0
"Burke, Brock",656271,L,0.9259999999999999,0.878,,0.777,,,0.45,,,,61.2
"Ragans, Cole",666142,L,0.9870000000000001,,0.38200000000000006,0.995,,0.92,0.26,,,0.92,61.2
"Miller, Mason",695243,R,0.9279999999999999,,,0.9059999999999999,,,0.484,,,,61.2
"Cleavinger, Garrett",664076,L,0.913,0.8490000000000001,0.311,,,,0.355,0.687,,,61.1
"Erceg, Lucas",668674,R,0.9790000000000001,0.981,,0.956,,,0.20199999999999999,,,,61.1
"Chapman, Aroldis",547973,L,0.903,0.88,,,0.406,,0.44200000000000006,,,,61.1
"Mejia, Juan",675848,R,0.723,,,,,,0.637,,,,61.1
"Maton, Phil",664208,R,,0.72,0.605,,,0.918,,0.43700000000000006,,0.918,61.1
"Walker, Ryan",676254,R,,0.78,,,,,0.527,,,,61.1
"Snell, Blake",605483,L,0.92,,,0.985,,0.6,0.552,,,0.6,61.1
"Romero, JoJo",668941,L,0.84,0.835,,0.941,,,0.414,,0.375,,61.0
"Dobbins, Hunter",690928,R,0.768,0.828,,,0.8590000000000001,0.659,0.391,0.483,,0.659,61.0
"Manaea, Sean",640455,L,0.9690000000000001,,,0.917,,,,0.46299999999999997,,,60.2
"Faucher, Calvin",676534,R,0.794,0.7959999999999999,0.212,,,0.7290000000000001,,0.49100000000000005,,0.7290000000000001,60.1
"Montero, Rafael",606160,R,0.8940000000000001,0.865,,,0.782,,0.329,,,,60.1
"Svanson, Matt",694335,R,0.882,0.866,0.383,,,,,0.34,,,60.1
"Fairbanks, Pete",664126,R,0.887,,0.29600000000000004,0.711,,,0.48600000000000004,,,,60.1
"Soto, Gregory",642397,L,0.898,0.919,,,,,0.198,0.273,,,60.1
"Topa, Justin",623437,R,,0.895,0.419,0.8109999999999999,,,,0.46,,,60.0
"Kerkering, Orion",689147,R,0.973,0.919,,,,,,0.45799999999999996,,,60.0
"Hanifee, Brenan",669724,R,0.9359999999999999,0.9259999999999999,,0.9620000000000001,,,0.188,,,,60.0
"Vesia, Alex",681911,L,0.9820000000000001,,,0.996,,,0.43100000000000005,,,,59.2
"Johnson, Pierce",572955,R,0.9520000000000001,,0.564,,,0.41500000000000004,,,,0.41500000000000004,59.0
"Jansen, Kenley",445276,R,,0.96,0.818,,,,0.424,0.42600000000000005,,,59.0
"Blalock, Bradley",687134,R,0.991,,0.505,,0.9279999999999999,0.611,0.348,,,0.611,58.2
"Chivilli, Angel",683409,R,0.993,,,0.932,,,0.257,,,,58.2
"Ferguson, Tyler",621053,R,0.845,0.8300000000000001,0.33,0.9329999999999999,,,,0.36200000000000004,,,58.0
"Cano, Yennier",666974,R,0.872,0.867,0.387,0.988,0.9209999999999999,,0.35100000000000003,,,,58.0
"Thielbar, Caleb",573204,L,0.9159999999999999,,,,,0.8150000000000001,0.467,0.449,,0.8150000000000001,58.0
"Gomber, Austin",596295,L,0.9940000000000001,,0.609,0.978,0.795,0.792,0.35200000000000004,,,0.792,57.2
"Young, Brandon",687064,R,0.9520000000000001,,0.45799999999999996,0.9920000000000001,0.81,0.885,0.29100000000000004,,,0.885,57.2
"Beeks, Jalen",656222,L,0.9390000000000001,,0.196,0.918,,,,,,,57.1
"Scott, Tanner",656945,L,0.812,,,,,,0.278,,,,57.0
"Seymour, Ian",693855,L,0.9400000000000001,0.9309999999999999,0.538,0.975,,0.868,,0.29300000000000004,,0.868,57.0
"Gil, Luis",661563,R,0.768,,,0.8470000000000001,,,0.344,,,,57.0
"Finnegan, Kyle",640448,R,0.9920000000000001,,,,0.917,,0.237,,,,57.0
"Zeferjahn, Ryan",666171,R,0.866,,0.40299999999999997,,,,0.369,0.554,0.594,,57.0
"Beck, Tristan",663941,R,0.975,,,,,0.855,0.42600000000000005,0.636,,0.855,56.2
"Mears, Nick",683232,R,0.9520000000000001,,,,,0.777,0.19,,,0.777,56.2
"Waldrep, Hurston",694462,R,0.812,0.8150000000000001,0.545,,0.836,0.8170000000000001,0.21300000000000002,,,0.8170000000000001,56.1
"Stanek, Ryne",592773,R,0.995,,,,0.9440000000000001,,0.21300000000000002,0.414,,,56.0
"Helsley, Ryan",664854,R,0.89,,0.554,,,0.67,0.223,,,0.67,56.0
"Pérez, Martín",527048,L,0.968,0.963,0.659,0.995,,0.358,,,,0.358,56.0
"McCullers Jr., Lance",621121,R,0.716,0.6990000000000001,0.34700000000000003,0.8240000000000001,,0.767,0.535,,,0.767,55.1
"Clarke, Taylor",664199,R,0.91,0.8840000000000001,,0.872,,,0.3,,,,55.1
"Garrett, Reed",657585,R,0.883,0.835,0.37200000000000005,,0.812,,,0.455,,,55.1
"Bird, Jake",656234,R,,0.737,0.5479999999999999,,,0.855,,0.53,,0.855,55.1
"García, Luis",472610,R,0.8300000000000001,0.8520000000000001,,,0.8200000000000001,,,0.524,,,55.1
"Wilson, Steven",621051,R,0.919,,0.601,0.988,,,,0.509,,,55.1
"Ureña, José",570632,R,0.98,0.963,,0.991,0.85,,0.501,,,,55.0
"Alcala, Jorge",660896,R,0.953,0.923,,0.9450000000000001,,0.43,0.315,,,0.43,55.0
"Festa, Matt",670036,R,0.604,0.614,0.505,,,,,0.533,,,54.2
"Gibson, Cade",806188,L,0.851,0.8340000000000001,,0.7690000000000001,,0.8540000000000001,0.22399999999999998,0.508,,0.8540000000000001,54.2
"Bummer, Aaron",607481,L,0.747,0.751,,,,0.762,,0.682,,0.762,54.1
"Walter, Brandon",687888,L,0.887,0.895,0.405,0.9420000000000001,,,,0.6970000000000001,,,53.2
"Festa, David",701581,R,0.8690000000000001,0.925,,0.812,,,0.23,,,,53.1
"Kittredge, Andrew",552640,R,0.7440000000000001,0.826,,,,,0.344,,,,53.0
"Fluharty, Mason",689254,L,,,0.42200000000000004,,,,,0.574,,,52.2
"Henry, Cole",669371,R,0.951,0.9390000000000001,0.298,0.9390000000000001,,0.537,,,,0.537,52.2
"Hader, Josh",623352,L,,0.995,,0.9329999999999999,,,0.182,,,,52.2
"Palencia, Daniel",694037,R,0.9920000000000001,0.997,,,0.905,,0.23800000000000002,,,,52.2
"Boyle, Joe",671212,R,0.7959999999999999,,,,0.8840000000000001,,0.264,,,,52.0
"Bernardino, Brennan",657514,L,,0.755,0.258,0.8890000000000001,,0.544,0.168,,,0.544,51.2
"Jackson, Luke",592426,R,0.9440000000000001,,,,,0.688,0.376,,,0.688,51.0
"Gilbert, Tyler",656457,L,0.851,0.8440000000000001,0.555,,0.9870000000000001,,,0.395,,,51.0
"Ross, Joe",605452,R,0.763,0.789,,0.923,,0.462,0.312,,,0.462,51.0
"Rogers, Taylor",573124,L,,0.893,,,,,,0.6729999999999999,,,50.2
"Myers, Tobias",668964,R,0.9940000000000001,,0.7140000000000001,0.983,0.909,0.612,0.428,,,0.612,50.2
"Vodnik, Victor",680767,R,0.892,,0.318,0.871,,,0.336,,,,50.2
"Sousa, Bennett",656986,L,0.8470000000000001,,,,,,0.239,,,,50.2
"Bender, Anthony",669622,R,0.8390000000000001,0.833,,0.861,,,0.311,0.554,,,50.0
"Fisher, Braydon",680755,R,0.9450000000000001,,0.6659999999999999,,,0.772,0.187,,,0.772,50.0
"Pomeranz, Drew",519141,L,0.7170000000000001,,,,,0.6809999999999999,,,,0.6809999999999999,49.2
"Legumina, Casey",668984,R,0.9690000000000001,0.96,,0.895,,,,0.44799999999999995,,,49.2
"Jobe, Jackson",695549,R,0.943,0.8840000000000001,,0.981,,0.7040000000000001,0.29600000000000004,,,0.7040000000000001,49.0
"Morales, Luis",806960,R,0.863,,,0.905,,,0.42700000000000005,0.6729999999999999,,,48.2
"Cavalli, Cade",676917,R,0.804,0.823,0.498,0.9450000000000001,,0.833,,,,0.833,48.2
"King, John",667463,L,0.7020000000000001,0.733,,0.833,,0.7709999999999999,0.325,,,0.7709999999999999,48.1
"Leiter Jr., Mark",643410,R,,0.929,0.5820000000000001,,0.866,0.9770000000000001,0.39299999999999996,,,0.9770000000000001,48.1
"Blanco, Ronel",669854,R,0.9820000000000001,,,0.9690000000000001,,0.45,0.348,,,0.45,48.1
"Wilson, Justin",458677,L,0.956,,0.635,,0.893,,0.24600000000000002,,,,48.1
"McLean, Nolan",690997,R,0.8640000000000001,0.772,0.302,0.799,,0.9670000000000001,,0.5860000000000001,,0.9670000000000001,48.0
"O'Brien, Riley",676617,R,,0.85,,,,0.6759999999999999,0.23800000000000002,,,0.6759999999999999,48.0
"Cruz, Fernando",518585,R,0.913,0.9159999999999999,,,0.392,,0.43100000000000005,,,,48.0
"Mattson, Isaac",676755,R,0.9840000000000001,,,0.9490000000000001,,,0.405,,,,47.2
"Trivino, Lou",642152,R,0.9440000000000001,0.899,0.5760000000000001,0.988,,0.8240000000000001,,0.578,,0.8240000000000001,47.2
"Morgan, David",688158,R,0.8220000000000001,0.877,,,,0.698,0.257,,,0.698,47.1
"Clase, Emmanuel",661403,R,,,0.643,,,,0.40299999999999997,,,,47.1
"Wilson, Bryse",669060,R,0.8940000000000001,0.867,0.49700000000000005,0.913,,0.532,,,,0.532,47.1
"Brash, Matt",666374,R,0.871,0.905,,0.789,,,0.507,,,,47.1
"Megill, Trevor",656730,R,0.934,,,,,0.405,,,,0.405,47.0
"Brogdon, Connor",641401,R,0.9670000000000001,,0.4,0.9740000000000001,,,,,,,47.0
"Ohtani, Shohei",660271,R,0.784,0.779,0.394,,0.779,0.8240000000000001,0.276,0.48100000000000004,,0.8240000000000001,47.0
"Enns, Dietrich",608650,L,0.96,0.963,0.223,0.9840000000000001,,0.785,,,,0.785,46.1
"Miller, Shelby",571946,R,0.995,,,,0.888,,,0.461,,,46.0
"Montgomery, Mason",682254,L,0.98,,,,,,0.146,,,,46.0
"Ort, Kaleb",672391,R,0.9690000000000001,,0.608,0.9620000000000001,,,,0.51,,,46.0
"Melton, Troy",675512,R,0.8959999999999999,0.882,0.45299999999999996,,0.7070000000000001,0.8790000000000001,0.545,,,0.8790000000000001,45.2
"Carrasco, Carlos",471911,R,0.757,0.721,,0.618,,0.58,0.24800000000000003,,,0.58,45.2
"Cruz, Steven",674444,R,0.9440000000000001,,0.632,,,,0.498,,,,45.2
"Fitts, Richard",690916,R,0.856,0.8490000000000001,,0.691,,0.596,0.302,0.385,,0.596,45.0
"Shugart, Chase",663767,R,0.9109999999999999,0.91,0.369,0.934,,,,0.623,,,45.0
"Englert, Mason",669438,R,0.914,0.8370000000000001,0.19899999999999998,0.608,,0.8420000000000001,,,,0.8420000000000001,44.2
"Lively, Ben",594902,R,0.973,0.961,0.488,0.9840000000000001,,0.723,0.461,0.517,,0.723,44.2
"Blewett, Scott",656240,R,0.845,,,,0.655,,0.267,,,,44.1
"Smith-Shawver, AJ",700363,R,0.975,,,,0.8520000000000001,0.784,0.545,,,0.784,44.1
"Bowlan, Jonathan",680742,R,0.937,0.93,,0.696,,0.65,0.254,,,0.65,44.1
"Flexen, Chris",623167,R,0.897,,0.534,0.971,,0.891,0.643,,0.831,0.891,43.2
"Green, Chad",643338,R,0.922,0.89,,,,,0.259,,,,43.2
"Houck, Tanner",656557,R,0.737,0.784,,,0.8029999999999999,,,0.645,,,43.2
"Boushley, Caleb",676961,R,0.835,0.856,0.5770000000000001,0.9059999999999999,,0.6990000000000001,0.34299999999999997,,,0.6990000000000001,43.1
"Hernández, Carlos",672578,R,0.9490000000000001,0.958,,,0.918,0.5529999999999999,0.251,,,0.5529999999999999,43.1
"Burns, Chase",695505,R,0.908,,,0.927,,,0.242,,,,43.1
"Hart, Kyle",606996,L,0.877,0.863,,0.99,0.713,,0.49100000000000005,0.443,,,43.0
"Coulombe, Danny",543056,L,0.7090000000000001,0.696,0.298,,,0.932,,0.46299999999999997,,0.932,43.0
"Graceffo, Gordon",700669,R,0.9390000000000001,0.9490000000000001,,0.951,,0.768,0.207,,,0.768,43.0
"Romano, Jordan",605447,R,0.976,,,,,,0.185,,,,42.2
"Herrin, Tim",682120,L,0.701,0.7040000000000001,,,,0.531,0.127,,,0.531,42.2
"Cabrera, Génesis",650893,L,0.934,0.9209999999999999,0.549,,0.7690000000000001,0.65,,,,0.65,42.2
"Rolison, Ryan",669020,L,0.674,,,0.633,,0.766,0.34600000000000003,,,0.766,42.1
"Thornton, Trent",663423,R,0.7440000000000001,0.7220000000000001,0.316,,0.828,0.6459999999999999,,0.527,,0.6459999999999999,42.1
"Martin, Chris",455119,R,0.915,0.8250000000000001,0.542,,0.756,,,0.58,,,42.1
"Alvarado, Elvis",665660,R,0.9790000000000001,0.9690000000000001,,0.991,,,0.269,,,,42.1
"Knack, Landon",689017,R,0.961,,,0.886,,0.846,0.267,,,0.846,42.1
"Orze, Eric",679358,R,0.991,,,,0.753,,0.409,,,,41.2
"Winn, Cole",668390,R,0.922,0.866,0.48,,0.929,,0.34299999999999997,,,,41.2
"Lazar, Max",676661,R,0.8240000000000001,,0.41600000000000004,,0.865,0.8740000000000001,,,,0.8740000000000001,41.1
"Pressly, Ryan",519151,R,0.713,0.721,,0.5710000000000001,,0.7070000000000001,0.29300000000000004,,,0.7070000000000001,41.1
"Yates, Kirby",489446,R,0.956,,,,0.981,,,,,,41.1
"Thompson, Ryan",657044,R,0.7320000000000001,0.751,,,,,0.7270000000000001,,,,41.1
"Funderburk, Kody",681892,L,,0.792,0.632,0.85,,,0.27899999999999997,0.5920000000000001,,,41.0
"Bieber, Shane",669456,R,0.958,,0.33899999999999997,0.8959999999999999,,0.816,0.131,,,0.816,40.1
"Oviedo, Johan",670912,R,0.8079999999999999,0.755,,0.934,,0.596,0.363,,,0.596,40.1
"Long, Sam",669674,L,0.919,0.84,,,0.7759999999999999,0.746,0.159,,,0.746,40.1
"Hamilton, Ian",641656,R,0.927,0.875,,,,,0.37,,,,40.0
"Kelly, Michael",547184,R,0.812,0.7859999999999999,0.34,0.7220000000000001,,,0.307,0.654,,,39.2
"Messick, Parker",800048,L,0.9259999999999999,0.873,,0.774,,0.5750000000000001,0.46399999999999997,,,0.5750000000000001,39.2
"Halvorsen, Seth",678020,R,0.99,,,,0.919,,0.322,,,,39.2
"Kelly, Kevin",687330,R,0.813,0.835,0.508,,,,,0.743,,,39.2
"Blackburn, Paul",621112,R,0.802,0.836,0.446,0.751,,0.872,,0.672,,0.872,39.0
"Abel, Mick",690953,R,0.84,0.7809999999999999,,0.682,,0.703,0.153,0.549,,0.703,39.0
"Stroman, Marcus",573186,R,0.642,0.611,0.38,,0.779,0.735,0.342,,0.616,0.735,39.0
"Montas, Frankie",593423,R,0.8340000000000001,0.805,0.615,,0.85,,0.33,0.395,,,38.2
"Hall, DL",669084,L,0.899,0.88,0.573,0.963,,0.708,0.4,,,0.708,38.2
"Ogasawara, Shinnosuke",829272,L,0.915,0.96,,0.96,,0.995,0.21600000000000003,,,0.995,38.2
"DeSclafani, Anthony",543101,R,0.9590000000000001,0.953,,,0.7240000000000001,0.63,0.364,,,0.63,38.2
"Weathers, Ryan",677960,L,0.934,0.917,,0.696,,,0.261,0.33299999999999996,,,38.1
"Lucchesi, Joey",664192,L,0.8250000000000001,0.804,,,,0.418,,,,0.418,38.1
"Nicolas, Kyle",693312,R,0.958,,,,,0.728,0.277,,,0.728,38.0
"Stewart, Brock",592779,R,0.731,0.774,0.488,0.8570000000000001,,,,0.527,,,37.2
"Richardson, Lyon",680689,R,0.9329999999999999,0.888,,0.9279999999999999,,0.5479999999999999,,,,0.5479999999999999,37.2
"Lee, Chase",695445,R,0.36600000000000005,0.389,,0.752,,,,0.71,,,37.1
"Assad, Javier",665871,R,0.888,0.883,0.593,0.826,,0.6940000000000001,,0.525,,0.6940000000000001,37.0
"Hernández, Daysbel",678226,R,0.995,,,,,,0.179,,,,37.0
"Kranick, Max",668820,R,0.8640000000000001,,,,,0.7020000000000001,0.559,0.51,,0.7020000000000001,37.0
"Javier, Cristian",664299,R,0.897,0.9309999999999999,,0.78,,0.7120000000000001,,0.503,,0.7120000000000001,37.0
"Taylor, Grant",691799,R,0.8540000000000001,,0.478,,,0.792,0.337,,,0.792,36.2
"Curtiss, John",595928,R,0.963,,0.469,0.782,,,0.264,,,,36.2
"Soriano, George",666277,R,0.836,0.799,,0.731,,,0.219,,,,36.2
"Woodford, Jake",663765,R,0.821,0.848,0.493,0.7240000000000001,,,,0.506,,,36.1
"Sasaki, Roki",808963,R,0.956,,,,0.9159999999999999,,0.434,,,,36.1
"Seymour, Carson",693313,R,0.843,0.756,0.44200000000000006,,,0.675,0.5650000000000001,,,0.675,36.0
"Gonsolin, Tony",664062,R,0.973,,,,0.8640000000000001,0.657,0.327,,,0.657,36.0
"De los Santos, Yerry",660787,R,0.986,0.976,,0.8840000000000001,,,0.22899999999999998,,,,35.2
"Harrison, Kyle",690986,L,0.985,,0.25,0.938,,,,,0.41100000000000003,,35.2
"Arrighetti, Spencer",681293,R,0.9490000000000001,0.941,0.44799999999999995,0.9550000000000001,,0.7690000000000001,,0.5650000000000001,,0.7690000000000001,35.1
"Kelly, Zack",677161,R,0.937,0.948,0.5650000000000001,0.9470000000000001,,,,0.569,,,35.1
"Borucki, Ryan",621366,L,,0.9540000000000001,,,0.899,,0.157,0.466,,,35.0
"Dodd, Dylan",689266,L,0.9820000000000001,,0.48200000000000004,0.622,,,0.139,,,,35.0
"Molina, Anthony",683627,R,0.99,,0.812,0.9329999999999999,,0.31,0.58,,,0.31,34.2
"Bautista, Félix",642585,R,,0.9940000000000001,,,0.973,,0.364,,,,34.2
"Murphy, Chris",669684,L,0.883,0.8170000000000001,,0.981,,0.915,0.37,0.617,,0.915,34.2
"Garcia, Rico",670329,R,0.993,,,0.985,,0.545,0.14800000000000002,,,0.545,34.1
"Cortes, Nestor",641482,L,0.975,,0.585,0.9279999999999999,,,,0.409,,,34.1
"Palmquist, Carson",687223,L,0.935,0.935,0.441,0.893,,,,0.495,,,34.1
"Crismatt, Nabil",622503,R,0.898,0.876,,0.742,,0.97,0.304,,,0.97,34.0
"Hatch, Thomas",641672,R,0.8140000000000001,0.8370000000000001,0.52,0.828,,,0.3,0.383,,,34.0
"Slaten, Justin",686580,R,0.863,,0.521,,,0.778,,0.479,,0.778,34.0
"Chafin, Andrew",605177,L,0.9540000000000001,0.935,,,,,0.302,,,,33.2
"Dubin, Shawn",681869,R,0.908,0.91,0.424,0.872,,0.875,,0.561,,0.875,33.2
"Adams, Travis",701519,R,0.804,0.8270000000000001,0.465,0.898,,0.723,0.34600000000000003,,,0.723,33.2
"Jacob, Alek",689690,R,0.8790000000000001,0.902,,0.971,,,,0.664,,,33.1
"Ramírez, Yohan",670990,R,0.871,0.8790000000000001,0.34500000000000003,,,0.7759999999999999,0.34299999999999997,0.612,,0.7759999999999999,33.1
"Hodge, Porter",687863,R,0.7959999999999999,,,,,,0.434,0.589,,,33.0
"Dana, Caden",702674,R,0.99,,,0.9740000000000001,,0.965,0.329,,,0.965,32.1
"Hoglund, Gunnar",680684,R,0.938,0.9490000000000001,,0.853,,,0.674,0.402,,,32.1
"Bradish, Kyle",680694,R,0.777,0.7759999999999999,,,,0.723,0.41100000000000003,,,0.723,32.0
"Castillo, José",620454,L,0.7759999999999999,0.747,,0.5770000000000001,,,0.381,,,,32.0
"Wesneski, Hayden",669713,R,0.818,0.843,0.378,0.807,,0.763,,0.549,,0.763,32.0
"Nance, Tommy",667297,R,,0.836,,,,0.787,0.146,,,0.787,31.2
"Chandler, Bubba",696149,R,0.9490000000000001,,,0.975,,0.33299999999999996,0.203,,,0.33299999999999996,31.1
"Waddell, Brandon",663399,L,0.75,0.7390000000000001,,0.934,,,0.299,0.48600000000000004,,,31.1
"Gipson-Long, Sawyer",687830,R,0.883,0.8290000000000001,0.42,0.988,,,0.41600000000000004,,,,31.1
"Agnos, Zach",688642,R,0.971,,0.618,,0.9059999999999999,,,0.615,,,31.1
"Enright, Nic",663671,R,0.963,,,,,0.47600000000000003,0.21,,,0.47600000000000003,31.0
"Gage, Matt",657424,L,0.809,0.86,,0.8740000000000001,,,0.292,0.5710000000000001,,,31.0
"Booser, Cam",592155,L,0.958,,0.21600000000000003,0.92,,,,0.549,,,31.0
"Simpson, Josh",681006,L,0.7959999999999999,0.7440000000000001,,0.7540000000000001,,0.679,0.166,0.52,,0.679,30.2
"Fernandez, Ryan",681676,R,0.9890000000000001,,0.5770000000000001,0.908,,,0.207,,,,30.1
"Rodríguez, Manuel",655889,R,0.797,0.883,,,,,0.277,,,,30.1
"Feltner, Ryan",663372,R,0.706,0.66,,0.633,,0.7090000000000001,0.369,0.479,,0.7090000000000001,30.1
"Miller, Erik",669062,L,0.9390000000000001,0.9620000000000001,,0.995,,,0.17,,,,30.0
"Mazur, Adam",800049,R,0.897,0.8200000000000001,,0.888,,0.5760000000000001,0.23399999999999999,0.544,,0.5760000000000001,30.0
"Ohl, Pierson",701487,R,0.993,0.993,0.449,0.838,,0.755,,,,0.755,30.0
"Sauer, Matt",669422,R,0.9009999999999999,0.929,0.462,,0.8,,0.509,,,,29.2
"Teng, Kai-Wei",678906,R,0.778,0.7640000000000001,,0.872,,0.7240000000000001,,0.439,,0.7240000000000001,29.2
"Loáisiga, Jonathan",642528,R,0.885,0.8940000000000001,0.332,0.968,,0.36100000000000004,,,,0.36100000000000004,29.2
"Hill, Jaden",677955,R,0.9500000000000001,0.9640000000000001,,0.996,,,0.28,,,,29.1
"Sabrowski, Erik",681870,L,0.9790000000000001,,,,,0.795,0.28600000000000003,,,0.795,29.1
"Fulmer, Carson",608334,R,0.878,0.8009999999999999,,0.9209999999999999,,0.594,0.262,,,0.594,29.1
"Altavilla, Dan",656186,R,0.951,0.913,,0.892,,,0.37200000000000005,,,,29.0
"Salazar, Eduardo",674285,R,0.898,0.8420000000000001,,,,,0.242,,,,29.0
"Saalfrank, Andrew",685314,L,0.47100000000000003,0.542,,,,0.73,,,,0.73,29.0
"Brubaker, JT",664141,R,0.878,0.86,,0.846,,0.49700000000000005,0.13,,,0.49700000000000005,28.2
"Pilkington, Konnor",663455,L,0.9550000000000001,,,0.885,,,0.122,,,,28.1
"Scott, Tayler",605463,R,0.958,0.9590000000000001,,,0.775,,0.219,0.435,,,27.1
"Reynolds, Sean",669308,R,0.9720000000000001,,,0.985,,,0.306,0.5810000000000001,,,27.0
"Neris, Héctor",593576,R,0.873,0.905,,0.8300000000000001,0.7170000000000001,,0.413,,,,26.2
"Wolfram, Grant",664991,L,0.8079999999999999,0.8170000000000001,,,,0.5529999999999999,0.19,0.623,,0.5529999999999999,26.2
"Treinen, Blake",595014,R,0.7909999999999999,0.8220000000000001,0.375,,,,,0.49100000000000005,,,26.2
"Payamps, Joel",606303,R,0.7440000000000001,0.758,,,,,0.521,,,,26.1
"Snider, Collin",676092,R,0.34500000000000003,0.42600000000000005,0.337,,,,,0.623,0.507,,26.1
"Strowd, Kade",669704,R,0.802,0.805,0.413,,,0.8059999999999999,,0.618,,0.8059999999999999,26.1
"Brasier, Ryan",518489,R,0.905,0.9059999999999999,0.534,,,,0.35200000000000004,,,,26.0
"Alvarado, José",621237,L,,0.941,0.40299999999999997,,,0.494,,,,0.494,26.0
"Gillispie, Connor",687362,R,0.938,,0.36,0.838,,,,0.561,,,26.0
"Holderman, Colin",670059,R,0.8620000000000001,0.865,0.36700000000000005,,0.892,,,0.461,,,25.2
"Ginkel, Kevin",656464,R,0.897,0.907,,,,,0.34,,,,25.2
"Raley, Brooks",548384,L,,0.775,0.376,0.8690000000000001,,,,0.519,,,25.2
"Brown, McCade",685326,R,,0.958,,0.975,,0.818,0.19100000000000003,,,0.818,25.2
"Beeter, Clayton",690925,R,0.892,,,,,,0.439,,,,25.1
"Backhus, Kyle",679775,L,,0.96,,0.9820000000000001,,,,0.484,,,25.1
"Gibaut, Ian",664139,R,0.956,,0.583,0.9740000000000001,,,0.408,0.5529999999999999,,,25.1
"Henderson, Logan",701656,R,0.9790000000000001,,0.5820000000000001,0.9450000000000001,,,0.207,,,,25.1
"Phillips, Connor",683175,R,0.9,,,,,0.632,,0.542,,0.632,25.0
"Veneziano, Anthony",685107,L,0.872,0.902,,0.9820000000000001,,,0.196,0.348,,,25.0
"López, Jorge",605347,R,0.9640000000000001,0.9500000000000001,,0.99,,0.7640000000000001,0.309,,,0.7640000000000001,24.2
"Poulin, PJ",676571,L,0.966,0.9550000000000001,,0.9870000000000001,,,,0.30100000000000005,,,24.2
"Bowman, Matt",621199,R,0.751,0.903,0.46399999999999997,,0.848,,,0.423,,,24.2
"Schultz, Paxton",687606,R,0.913,,0.569,0.45799999999999996,,,0.418,,,,24.2
"Lucas, Easton",687922,L,0.917,,0.5529999999999999,0.963,,,0.249,0.363,,,24.1
"Farris, Mitch",815083,L,0.99,,,0.991,,,0.153,,,,24.1
"Ribalta, Orlando",687377,R,0.87,0.87,,0.8590000000000001,,,0.255,,,,24.1
"Tonkin, Michael",543859,R,0.927,0.9009999999999999,,,,,0.11199999999999999,0.44700000000000006,,,24.0
"Hagenman, Justin",663795,R,,0.9620000000000001,0.506,0.9420000000000001,,,0.255,,,,23.2
"Brebbia, John",605154,R,0.995,,,0.953,,,0.429,,,,23.1
"Alvarez, Andrew",674841,L,0.7090000000000001,0.631,,0.8190000000000001,,0.611,0.32799999999999996,,,0.611,23.1
"Whisenhunt, Carson",687931,L,,0.988,,0.937,,,0.29,,,,23.1
"Holman, Grant",680880,R,0.968,,,,0.7759999999999999,,0.10099999999999999,,,,23.0
"Headrick, Brent",687396,L,0.968,,,,0.978,,0.217,,,,23.0
"Brzykcy, Zach",694350,R,0.9840000000000001,,,0.993,,0.6,,,,0.6,23.0
"Steele, Justin",657006,L,0.66,0.7240000000000001,,,,0.667,0.48,,,0.667,22.2
"Sulser, Cole",642121,R,0.971,,0.44799999999999995,0.833,,,,,,,22.2
"Barnett, Mason",686930,R,0.8490000000000001,,,0.662,,0.8250000000000001,,0.444,,0.8250000000000001,22.1
"Peguero, Joel",666711,R,0.865,0.81,,,,,0.38200000000000006,,,,22.1
"Brieske, Beau",689225,R,0.903,0.883,,0.807,,,0.198,,,,22.0
"Jarvis, Bryce",686826,R,0.97,0.9470000000000001,0.276,0.9500000000000001,,0.81,0.312,,,0.81,22.0
"Zastryzny, Rob",642239,L,0.735,,0.36600000000000005,0.845,0.68,,,0.425,,,22.0
"Strickland, Hunter",519326,R,0.8140000000000001,0.87,,0.899,,,0.34299999999999997,0.5479999999999999,,,22.0
"Pérez, Cionel",672335,L,0.858,0.8059999999999999,,,,,0.21300000000000002,,0.562,,21.2
"Wells, Tyler",669330,R,0.909,,0.698,0.938,,0.5970000000000001,0.434,,,0.5970000000000001,21.2
"Cox, Austin",680735,L,0.9359999999999999,,0.604,,0.88,0.561,0.33299999999999996,,,0.561,21.1
"Granillo, Andre",701552,R,0.903,,,0.853,,,0.24,,,,21.0
"García, Yimi",554340,R,0.8109999999999999,0.8150000000000001,,0.87,,0.495,,0.45799999999999996,,0.495,21.0
"Mey, Luis",682825,R,,0.721,,,,,0.322,,,,21.0
"Stratton, Chris",608717,R,0.8079999999999999,0.779,,0.7859999999999999,,0.679,0.303,,,0.679,21.0
"Sproat, Brandon",687075,R,0.9259999999999999,0.855,,0.9820000000000001,,0.8270000000000001,0.414,0.499,,0.8270000000000001,20.2
"Dunning, Dane",641540,R,,0.863,0.708,0.991,,0.993,0.41600000000000004,,,0.993,20.2
"Roycroft, Chris",688297,R,0.682,0.925,0.297,,,,,0.41700000000000004,,,20.2
"Bachman, Sam",696147,R,,0.9540000000000001,,0.8590000000000001,,,0.179,,,,20.1
"Mayza, Tim",641835,L,,0.873,,,,,0.158,,,,
"Burgos, Juan",686228,R,,0.698,0.326,,,0.5910000000000001,,0.541,,0.5910000000000001,
"McFarland, T.J.",519008,L,,0.903,,0.93,,,,0.664,,,
"Garcia, Brandyn",805299,L,,0.8520000000000001,,,,,0.20500000000000002,0.657,,,
"Murdock, Noah",668716,R,,0.6940000000000001,0.239,0.603,,,,0.5529999999999999,,,
"Ginn, J.T.",669372,R,,0.7490000000000001,0.635,0.774,,,0.22,,,,
"Bruihl, Justin",677865,L,,0.8,0.29100000000000004,,,,,0.652,,,
"McDonald, Trevor",686790,R,,0.856,,0.968,,0.31,,,,0.31,
"Hjelle, Sean",663546,R,,0.7090000000000001,0.44,,,0.521,,,,0.521,
"Alexander, Scott",518397,L,,0.763,,0.674,,,0.321,,,,
"Mederos, Victor",682989,R,,0.908,,0.978,,,0.369,0.433,,,
"Johnson, Ryan",696270,R,,0.675,0.424,,0.8240000000000001,,,0.514,,,
"Criswell, Cooper",681867,R,,0.7440000000000001,0.44799999999999995,0.87,,,,0.7490000000000001,,,
"Robertson, David",502085,R,,0.757,0.645,,,0.665,0.45799999999999996,,,0.665,
"Moreta, Dauri",664294,R,0.996,,,,,,0.158,,,,
"Blubaugh, AJ",805123,R,0.996,,,0.863,,0.86,,0.551,,0.86,
"Yesavage, Trey",702056,R,0.995,,,,0.902,,0.532,,,,
"Poche, Colin",621363,L,0.9920000000000001,,,,,,0.449,,,,
"Petersen, Michael",656848,R,0.99,,0.292,,,,,,,,
"Klein, Will",694361,R,0.986,,0.433,,,0.828,,0.39,,0.828,
"Tong, Jonah",804636,R,0.986,,,0.9890000000000001,,0.805,0.358,,,0.805,
"Loutos, Ryan",702795,R,0.986,0.9770000000000001,,0.905,,,0.38,0.43100000000000005,,,
"Herget, Kevin",643361,R,0.985,,0.40399999999999997,0.991,,,,,,,
"Peralta, Luis",678821,L,0.983,,,0.98,,0.5910000000000001,,,,0.5910000000000001,
"Lara, Andry",691251,R,0.9820000000000001,0.986,,,0.9620000000000001,,0.231,,,,
"Anderson, Nick",623433,R,0.9820000000000001,,,0.99,,0.212,,,,0.212,
"Anderson, Ian",666120,R,0.975,,,0.941,,0.48600000000000004,,,,0.48600000000000004,
"Hoffmann, Andrew",694851,R,0.975,,,0.956,,,0.386,,,,
"Kowar, Jackson",663804,R,0.9740000000000001,,,0.843,,,0.299,,,,
"Hendriks, Liam",521230,R,0.971,,,,,0.8029999999999999,0.22899999999999998,,,0.8029999999999999,
"Curvelo, Luis",681168,R,0.971,0.9790000000000001,,0.996,,,0.24800000000000003,,,,
"Fuentes, Didier",800311,R,0.97,,,,,0.7959999999999999,,0.509,,0.7959999999999999,
"Devenski, Chris",606965,R,0.9690000000000001,,0.36200000000000004,0.904,,,,0.49600000000000005,,,
"Hiraldo, Yaramil",682274,R,0.966,,,0.735,,,0.33,,,,
"Gray, Jon",592351,R,0.963,,,0.993,,,0.319,,,,
"Arias, Luarbert",678215,R,0.961,,,,0.8340000000000001,,0.302,,,,
"Perkins, Jack",678022,R,0.9550000000000001,,0.523,0.96,,,,0.376,,,
"Kimbrel, Craig",518886,R,0.9550000000000001,,,0.937,,0.6509999999999999,,0.5760000000000001,,0.6509999999999999,
"Martinez, Justin",679885,R,0.9550000000000001,0.9470000000000001,,,0.886,,0.445,,,,
"Rodríguez, Elvin",660730,R,0.9550000000000001,,0.49700000000000005,0.975,,0.79,,0.36100000000000004,,0.79,
"Johnson, Seth",686751,R,0.9540000000000001,,,,0.675,0.91,0.324,,,0.91,
"Whitley, Forrest",666215,R,0.953,0.943,0.379,,,0.868,,,0.634,0.868,
"Kriske, Brooks",621139,R,0.9520000000000001,,0.282,,0.516,,,,,,
"Guerrero, Luis",692285,R,0.951,,,0.893,,,0.33299999999999996,0.478,,,
"Thompson, Mason",666168,R,0.9490000000000001,0.924,,,,0.8570000000000001,0.331,,,0.8570000000000001,
"Henriquez, Edgardo",683618,R,0.9490000000000001,0.956,0.522,,,,0.524,,,,
"McGough, Scott",543518,R,0.948,0.9740000000000001,,,0.8059999999999999,,0.303,,,,
"Fermin, José",820862,R,0.948,,,,,,0.096,,,,
"Pearson, Nate",663878,R,0.9400000000000001,,,,,0.711,0.36100000000000004,,,0.711,
"Kopech, Michael",656629,R,0.9390000000000001,,0.369,,,,,,,,
"Eder, Jake",671109,L,0.9390000000000001,,,0.863,,,0.35600000000000004,0.375,,,
"Merryweather, Julian",657240,R,0.935,,,,,,0.226,,,,
"Suarez, José",660761,L,0.9309999999999999,0.912,,0.861,,,0.302,,,,
"Tidwell, Blade",694918,R,0.93,0.935,,0.873,,,0.34,0.46299999999999997,,,
"Shuster, Jared",694363,L,0.93,0.9570000000000001,,0.765,,,0.247,,,,
"Ruiz, José",614179,R,0.93,0.909,,0.903,,0.455,,,,0.455,
"Morillo, Juan",666661,R,0.924,0.912,,0.975,,,0.401,,,,
"González, Wikelman",682790,R,0.924,,,0.986,,,0.353,,0.783,,
"Selby, Colin",681882,R,0.922,0.881,,,,0.835,0.269,,,0.835,
"Bigge, Hunter",685801,R,0.922,,,,,0.912,0.314,,,0.912,
"Sims, Lucas",608371,R,0.914,,,,,0.622,,0.455,,0.622,
"Tolle, Payton",801139,L,0.913,,0.47100000000000003,0.6709999999999999,,0.451,0.265,,,0.451,
"Davis, Noah",663562,R,0.91,0.9279999999999999,0.314,,,,,0.684,,,
"Tinoco, Jesus",622786,R,0.91,0.878,,0.9840000000000001,,,0.355,,,,
"Basso, Brady",669620,L,0.903,0.905,0.504,0.8320000000000001,,0.705,,,,0.705,
"Zuber, Tyler",676604,R,0.8959999999999999,0.88,,0.93,,,0.405,0.5770000000000001,,,
"Graveman, Kendall",608665,R,0.895,0.941,,0.848,,,0.29100000000000004,,,,
"Lawrence, Casey",596271,R,0.895,0.887,,0.9490000000000001,,,0.223,0.337,,,
"Schlittler, Cam",693645,R,0.886,0.831,0.489,,,0.821,,0.49200000000000005,,0.821,
"Rashi, Taylor",688497,R,0.8840000000000001,,,,0.8420000000000001,0.8150000000000001,0.38200000000000006,,,0.8150000000000001,
"Silseth, Chase",681217,R,0.8790000000000001,0.873,,,0.795,,,0.374,,,
"Winckowski, Josh",670174,R,0.8740000000000001,0.877,0.28500000000000003,0.922,,,0.36,,,,
"Rodríguez, Randy",678495,R,0.873,,,,,,0.425,,,,
"Rodriguez, Carlos",692230,R,0.8690000000000001,0.9400000000000001,0.545,0.988,,0.74,0.46299999999999997,,,0.74,
"Gibson, Kyle",502043,R,0.867,0.785,0.42600000000000005,0.761,,0.708,,0.489,,0.708,
"Early, Connelly",813349,L,0.866,0.9109999999999999,,0.873,,0.7040000000000001,0.318,0.36200000000000004,,0.7040000000000001,
"Horn, Bailey",690544,L,0.861,0.8109999999999999,0.233,,,,,0.33,,,
"Hernandez, Nick",663321,R,0.858,,,,0.657,,0.20800000000000002,,,,
"Aldegheri, Sam",691951,L,0.8570000000000001,,,0.948,,0.841,0.32299999999999995,,,0.841,
"Ellard, Fraser",686642,L,0.8540000000000001,0.766,,0.737,,,0.454,,,,
"Robert, Daniel",642016,R,0.853,0.789,0.401,,,,,0.535,,,
"McGee, Easton",668834,R,0.8520000000000001,0.858,0.44799999999999995,,,0.772,,,,0.772,
"Spiers, Carson",686730,R,0.85,0.798,0.483,0.934,,,,0.5770000000000001,,,
"Díaz, Alexis",664747,R,0.8490000000000001,,,,,,0.305,,,,
"Sandlin, Nick",680704,R,0.836,0.8540000000000001,,,0.762,,0.533,,,,
"Martin, Corbin",656686,R,0.831,,,0.635,,0.41600000000000004,0.425,,,0.41600000000000004,
"Muñoz, Roddery",682610,R,0.8109999999999999,0.7909999999999999,0.40299999999999997,,,,0.425,,,,
"Lawrence, Justin",664875,R,0.794,0.787,,,,,,0.543,,,
"Sewald, Paul",623149,R,0.787,,,,,,,0.354,,,
"Leclerc, José",600917,R,0.787,0.775,0.424,0.784,,,0.45299999999999996,,,,
"Stratton, Hunter",676702,R,0.7859999999999999,,0.5920000000000001,,,,0.479,,,,
"Hudson, Bryan",663542,L,0.7859999999999999,0.721,0.35000000000000003,,,,,0.813,,,
"Wicks, Jordan",696136,L,0.782,0.873,,0.9500000000000001,,,0.239,0.518,,,
"Contreras, Luis",664351,R,0.778,,,0.638,,,0.493,0.552,,,
"Rodríguez, Yariel",684320,R,0.757,0.863,,,0.9440000000000001,,0.23800000000000002,,,,
"Sisk, Evan",681895,L,0.741,0.726,0.44700000000000006,,,0.784,,0.594,,0.784,
"Núñez, Eduarniel",674384,R,0.725,,,,,,0.378,,,,
"Avila, Luinder",679883,R,0.715,0.7140000000000001,,,,0.606,,,,0.606,
"Anderson, Shaun",641312,R,0.708,,,0.788,,,0.406,0.559,,,
"Moll, Sam",594580,L,0.6950000000000001,0.755,,0.8390000000000001,,,,0.494,,,
"Lovelady, Richard",663992,L,0.693,0.6859999999999999,,,,,0.298,0.445,,,
"Kent, Zak",687849,R,0.517,0.68,,,,0.8140000000000001,0.47500000000000003,,,0.8140000000000001,
"Murfee, Penn",682171,R,0.369,0.609,,,,,,0.758,,,
